,D:\SRFP Reference Materials\bhumika_taneja\data_NMS_I\19981122i03.std,D:\SRFP Reference Materials\bhumika_taneja\data_NMS_I\19981121i01.std,D:\SRFP Reference Materials\bhumika_taneja\data_NMS_I\19981121i02.std,D:\SRFP Reference Materials\bhumika_taneja\data_NMS_I\19981122i01.std,D:\SRFP Reference Materials\bhumika_taneja\data_NMS_I\19981122i02.std,D:\SRFP Reference Materials\bhumika_taneja\data_NMS_I\19981128i02.std,D:\SRFP Reference Materials\bhumika_taneja\data_NMS_I\19981125i01.std,D:\SRFP Reference Materials\bhumika_taneja\data_NMS_I\19981125i02.std,D:\SRFP Reference Materials\bhumika_taneja\data_NMS_I\19981125i03.std,D:\SRFP Reference Materials\bhumika_taneja\data_NMS_I\19981128i01.std
18.0,-1.0,-1.0,-1.0,-1.0,-1.0,-1.0,-1.0,-1.0,-1.0,-1.0
53.0,-1.0,-1.0,-1.0,-1.0,-1.0,-1.0,-1.0,-1.0,-1.0,-1.0
58.0,-1.0,-1.0,-1.0,-1.0,-1.0,-1.0,-1.0,-1.0,-1.0,-1.0
60.0,-1.0,-1.0,-1.0,-1.0,-1.0,-1.0,-1.0,-1.0,-1.0,-1.0
83.0,-1.0,-1.0,-1.0,-1.0,-1.0,-1.0,-1.0,-1.0,-1.0,-1.0
93.0,-1.0,-1.0,-1.0,-1.0,-1.0,-1.0,-1.0,-1.0,-1.0,-1.0
112.0,-1.0,-1.0,-1.0,-1.0,-1.0,-1.0,-1.0,-1.0,-1.0,-1.0
117.0,-1.0,-1.0,-1.0,-1.0,-1.0,-1.0,-1.0,-1.0,-1.0,-1.0
140.0,-1.0,-1.0,-1.0,-1.0,-1.0,-1.0,-1.0,-1.0,-1.0,-1.0
167.0,-1.0,-1.0,-1.0,-1.0,-1.0,-1.0,-1.0,-1.0,-1.0,-1.0
175.0,-1.0,-1.0,-1.0,-1.0,-1.0,-1.0,-1.0,-1.0,-1.0,-1.0
176.0,-1.0,-1.0,-1.0,-1.0,-1.0,-1.0,-1.0,-1.0,-1.0,-1.0
192.0,-1.0,-1.0,-1.0,-1.0,-1.0,-1.0,-1.0,-1.0,-1.0,-1.0
197.0,-1.0,-1.0,-1.0,-1.0,-1.0,-1.0,-1.0,-1.0,-1.0,-1.0
214.0,-1.0,-1.0,-1.0,-1.0,-1.0,-1.0,-1.0,-1.0,-1.0,-1.0
244.0,-1.0,-1.0,-1.0,-1.0,-1.0,-1.0,-1.0,-1.0,-1.0,-1.0
277.0,-1.0,-1.0,-1.0,-1.0,-1.0,-1.0,-1.0,-1.0,-1.0,-1.0
282.0,-1.0,-1.0,-1.0,-1.0,-1.0,-1.0,-1.0,-1.0,-1.0,-1.0
283.0,-1.0,-1.0,-1.0,-1.0,-1.0,-1.0,-1.0,-1.0,-1.0,-1.0
286.0,-1.0,-1.0,-1.0,-1.0,-1.0,-1.0,-1.0,-1.0,-1.0,-1.0
317.0,-1.0,-1.0,-1.0,-1.0,-1.0,-1.0,-1.0,-1.0,-1.0,-1.0
335.0,-1.0,-1.0,-1.0,-1.0,-1.0,-1.0,-1.0,-1.0,-1.0,-1.0
339.0,-1.0,-1.0,-1.0,-1.0,-1.0,-1.0,-1.0,-1.0,-1.0,-1.0
392.0,-1.0,-1.0,-1.0,-1.0,-1.0,-1.0,-1.0,-1.0,-1.0,-1.0
403.0,-1.0,-1.0,-1.0,-1.0,-1.0,-1.0,-1.0,-1.0,-1.0,-1.0
459.0,-1.0,-1.0,-1.0,-1.0,-1.0,-1.0,-1.0,-1.0,-1.0,-1.0
486.0,-1.0,-1.0,-1.0,-1.0,-1.0,-1.0,-1.0,-1.0,-1.0,-1.0
503.0,-1.0,-1.0,-1.0,-1.0,-1.0,-1.0,-1.0,-1.0,-1.0,-1.0
507.0,-1.0,-1.0,-1.0,-1.0,-1.0,-1.0,-1.0,-1.0,-1.0,-1.0
535.0,-1.0,-1.0,-1.0,-1.0,-1.0,-1.0,-1.0,-1.0,-1.0,-1.0
542.0,-1.0,-1.0,-1.0,-1.0,-1.0,-1.0,-1.0,-1.0,-1.0,-1.0
547.0,-1.0,-1.0,-1.0,-1.0,-1.0,-1.0,-1.0,-1.0,-1.0,-1.0
594.0,-1.0,-1.0,-1.0,-1.0,-1.0,-1.0,-1.0,-1.0,-1.0,-1.0
605.0,-1.0,-1.0,-1.0,-1.0,-1.0,-1.0,-1.0,-1.0,-1.0,-1.0
637.0,-1.0,-1.0,-1.0,-1.0,-1.0,-1.0,-1.0,-1.0,-1.0,-1.0
679.0,-1.0,-1.0,-1.0,-1.0,-1.0,-1.0,-1.0,-1.0,-1.0,-1.0
710.0,-1.0,-1.0,-1.0,-1.0,-1.0,-1.0,-1.0,-1.0,-1.0,-1.0
739.0,-1.0,-1.0,-1.0,-1.0,-1.0,-1.0,-1.0,-1.0,-1.0,-1.0
782.0,-1.0,-1.0,-1.0,-1.0,-1.0,-1.0,-1.0,-1.0,-1.0,-1.0
823.0,-1.0,-1.0,-1.0,-1.0,-1.0,-1.0,-1.0,-1.0,-1.0,-1.0
837.0,-1.0,-1.0,-1.0,-1.0,-1.0,-1.0,-1.0,-1.0,-1.0,-1.0
847.0,-1.0,-1.0,-1.0,-1.0,-1.0,-1.0,-1.0,-1.0,-1.0,-1.0
848.0,-1.0,-1.0,-1.0,-1.0,-1.0,-1.0,-1.0,-1.0,-1.0,-1.0
875.0,-1.0,-1.0,-1.0,-1.0,-1.0,-1.0,-1.0,-1.0,-1.0,-1.0
888.0,-1.0,-1.0,-1.0,-1.0,-1.0,-1.0,-1.0,-1.0,-1.0,-1.0
889.0,-1.0,-1.0,-1.0,-1.0,-1.0,-1.0,-1.0,-1.0,-1.0,-1.0
940.0,-1.0,-1.0,-1.0,-1.0,-1.0,-1.0,-1.0,-1.0,-1.0,-1.0
972.0,-1.0,-1.0,-1.0,-1.0,-1.0,-1.0,-1.0,-1.0,-1.0,-1.0
982.0,-1.0,-1.0,-1.0,-1.0,-1.0,-1.0,-1.0,-1.0,-1.0,-1.0
1014.0,-1.0,-1.0,-1.0,-1.0,-1.0,-1.0,-1.0,-1.0,-1.0,-1.0
1040.0,-1.0,-1.0,-1.0,-1.0,-1.0,-1.0,-1.0,-1.0,-1.0,-1.0
1081.0,-1.0,-1.0,-1.0,-1.0,-1.0,-1.0,-1.0,-1.0,-1.0,-1.0
1085.0,-1.0,-1.0,-1.0,-1.0,-1.0,-1.0,-1.0,-1.0,-1.0,-1.0
1101.0,-1.0,-1.0,-1.0,-1.0,-1.0,-1.0,-1.0,-1.0,-1.0,-1.0
1105.0,-1.0,-1.0,-1.0,-1.0,-1.0,-1.0,-1.0,-1.0,-1.0,-1.0
1107.0,-1.0,-1.0,-1.0,-1.0,-1.0,-1.0,-1.0,-1.0,-1.0,-1.0
1108.0,-1.0,-1.0,-1.0,-1.0,-1.0,-1.0,-1.0,-1.0,-1.0,-1.0
1113.0,-1.0,-1.0,-1.0,-1.0,-1.0,-1.0,-1.0,-1.0,-1.0,-1.0
1120.0,-1.0,-1.0,-1.0,-1.0,-1.0,-1.0,-1.0,-1.0,-1.0,-1.0
1164.0,-1.0,-1.0,-1.0,-1.0,-1.0,-1.0,-1.0,-1.0,-1.0,-1.0
1198.0,-1.0,-1.0,-1.0,-1.0,-1.0,-1.0,-1.0,-1.0,-1.0,-1.0
1288.0,-1.0,-1.0,-1.0,-1.0,-1.0,-1.0,-1.0,-1.0,-1.0,-1.0
1309.0,-1.0,-1.0,-1.0,-1.0,-1.0,-1.0,-1.0,-1.0,-1.0,-1.0
1316.0,-1.0,-1.0,-1.0,-1.0,-1.0,-1.0,-1.0,-1.0,-1.0,-1.0
1343.0,-1.0,-1.0,-1.0,-1.0,-1.0,-1.0,-1.0,-1.0,-1.0,-1.0
1390.0,-1.0,-1.0,-1.0,-1.0,-1.0,-1.0,-1.0,-1.0,-1.0,-1.0
1551.0,-1.0,-1.0,-1.0,-1.0,-1.0,-1.0,-1.0,-1.0,-1.0,-1.0
1612.0,-1.0,-1.0,-1.0,-1.0,-1.0,-1.0,-1.0,-1.0,-1.0,-1.0
1708.0,-1.0,-1.0,-1.0,-1.0,-1.0,-1.0,-1.0,-1.0,-1.0,-1.0
1711.0,-1.0,-1.0,-1.0,-1.0,-1.0,-1.0,-1.0,-1.0,-1.0,-1.0
1725.0,-1.0,-1.0,-1.0,-1.0,-1.0,-1.0,-1.0,-1.0,-1.0,-1.0
1772.0,-1.0,-1.0,-1.0,-1.0,-1.0,-1.0,-1.0,-1.0,-1.0,-1.0
1773.0,-1.0,-1.0,-1.0,-1.0,-1.0,-1.0,-1.0,-1.0,-1.0,-1.0
1787.0,-1.0,-1.0,-1.0,-1.0,-1.0,-1.0,-1.0,-1.0,-1.0,-1.0
1809.0,-1.0,-1.0,-1.0,-1.0,-1.0,-1.0,-1.0,-1.0,-1.0,-1.0
1823.0,-1.0,-1.0,-1.0,-1.0,-1.0,-1.0,-1.0,-1.0,-1.0,-1.0
1876.0,-1.0,-1.0,-1.0,-1.0,-1.0,-1.0,-1.0,-1.0,-1.0,-1.0
1897.0,-1.0,-1.0,-1.0,-1.0,-1.0,-1.0,-1.0,-1.0,-1.0,-1.0
1901.0,-1.0,1330.0,870.0,-1.0,-1.0,-1.0,-1.0,-1.0,-1.0,-1.0
1945.0,-1.0,-1.0,-1.0,-1.0,-1.0,-1.0,-1.0,-1.0,-1.0,-1.0
1950.0,-1.0,-1.0,-1.0,-1.0,-1.0,-1.0,-1.0,-1.0,-1.0,-1.0
2006.0,-1.0,1138.0,736.0,-1.0,-1.0,-1.0,-1.0,-1.0,-1.0,-1.0
2014.0,-1.0,2915.0,1942.0,-1.0,-1.0,-1.0,-1.0,-1.0,-1.0,-1.0
2030.0,-1.0,-1.0,-1.0,-1.0,-1.0,-1.0,-1.0,-1.0,-1.0,-1.0
2064.0,-1.0,-1.0,-1.0,-1.0,-1.0,-1.0,-1.0,-1.0,-1.0,-1.0
2080.0,-1.0,-1.0,-1.0,-1.0,-1.0,-1.0,-1.0,-1.0,-1.0,-1.0
2087.0,-1.0,1441.0,-1.0,-1.0,-1.0,-1.0,-1.0,-1.0,-1.0,-1.0
2334.0,-1.0,3466.0,2350.0,-1.0,-1.0,-1.0,-1.0,-1.0,-1.0,-1.0
2375.0,-1.0,1502.0,984.0,-1.0,-1.0,-1.0,-1.0,-1.0,-1.0,-1.0
2380.0,-1.0,942.0,598.0,-1.0,-1.0,-1.0,-1.0,-1.0,-1.0,-1.0
2391.0,-1.0,3518.0,2384.0,-1.0,-1.0,-1.0,-1.0,-1.0,-1.0,-1.0
2395.0,-1.0,1450.0,953.0,-1.0,-1.0,-1.0,-1.0,-1.0,-1.0,-1.0
2456.0,-1.0,-1.0,-1.0,-1.0,-1.0,-1.0,-1.0,-1.0,-1.0,-1.0
2457.0,-1.0,782.0,493.0,-1.0,-1.0,-1.0,-1.0,-1.0,-1.0,-1.0
2479.0,-1.0,3514.0,2377.0,-1.0,-1.0,-1.0,-1.0,-1.0,-1.0,-1.0
2544.0,-1.0,-1.0,-1.0,-1.0,-1.0,-1.0,-1.0,-1.0,-1.0,-1.0
2552.0,-1.0,737.0,457.0,-1.0,-1.0,-1.0,-1.0,-1.0,-1.0,-1.0
2583.0,-1.0,3559.0,2408.0,-1.0,-1.0,-1.0,-1.0,-1.0,-1.0,-1.0
2624.0,-1.0,2687.0,1805.0,-1.0,-1.0,-1.0,-1.0,-1.0,-1.0,-1.0
2655.0,-1.0,897.0,568.0,1675.0,2035.0,-1.0,-1.0,-1.0,-1.0,-1.0
2670.0,-1.0,-1.0,-1.0,-1.0,-1.0,-1.0,-1.0,-1.0,-1.0,-1.0
2677.0,-1.0,-1.0,-1.0,-1.0,-1.0,-1.0,-1.0,-1.0,-1.0,-1.0
2692.0,-1.0,2665.0,1790.0,-1.0,-1.0,-1.0,-1.0,-1.0,-1.0,-1.0
2710.0,-1.0,2086.0,1392.0,-1.0,-1.0,-1.0,-1.0,-1.0,-1.0,-1.0
2714.0,2109.0,967.0,622.0,1782.0,2172.0,-1.0,-1.0,-1.0,-1.0,-1.0
2736.0,-1.0,1463.0,960.0,2513.0,3066.0,-1.0,-1.0,-1.0,-1.0,-1.0
2756.0,-1.0,3272.0,2196.0,-1.0,-1.0,-1.0,-1.0,-1.0,-1.0,-1.0
2763.0,-1.0,2410.0,1605.0,-1.0,-1.0,-1.0,-1.0,-1.0,-1.0,-1.0
2788.0,-1.0,-1.0,-1.0,-1.0,-1.0,-1.0,-1.0,-1.0,-1.0,-1.0
2794.0,-1.0,-1.0,-1.0,-1.0,-1.0,-1.0,-1.0,-1.0,-1.0,-1.0
2834.0,1759.0,774.0,487.0,1501.0,1827.0,874.0,-1.0,-1.0,-1.0,937.0
2839.0,818.0,282.0,183.0,759.0,910.0,450.0,-1.0,-1.0,-1.0,460.0
2843.0,-1.0,-1.0,-1.0,-1.0,-1.0,-1.0,-1.0,-1.0,-1.0,-1.0
2868.0,5809.0,2914.0,1941.0,4633.0,5654.0,-1.0,-1.0,-1.0,-1.0,-1.0
2883.0,104.0,-1.0,-1.0,251.0,252.0,95.0,-1.0,-1.0,-1.0,119.0
2916.0,-1.0,-1.0,-1.0,-1.0,-1.0,-1.0,-1.0,-1.0,-1.0,-1.0
2931.0,2647.0,1246.0,809.0,2200.0,2686.0,1321.0,-1.0,-1.0,-1.0,1331.0
2969.0,2092.0,960.0,613.0,1764.0,2148.0,1044.0,-1.0,-1.0,-1.0,1087.0
3040.0,-1.0,-1.0,-1.0,-1.0,-1.0,-1.0,-1.0,-1.0,-1.0,-1.0
3049.0,-1.0,-1.0,-1.0,-1.0,-1.0,-1.0,-1.0,-1.0,-1.0,-1.0
3095.0,3211.0,1542.0,1014.0,2618.0,3202.0,1587.0,-1.0,-1.0,-1.0,1609.0
3122.0,-1.0,-1.0,-1.0,-1.0,-1.0,-1.0,-1.0,-1.0,-1.0,-1.0
3173.0,2763.0,1317.0,-1.0,2283.0,2792.0,-1.0,-1.0,-1.0,-1.0,1386.0
3209.0,-1.0,-1.0,-1.0,-1.0,-1.0,-1.0,-1.0,-1.0,-1.0,-1.0
3211.0,-1.0,-1.0,-1.0,-1.0,-1.0,-1.0,-1.0,-1.0,-1.0,-1.0
3220.0,5014.0,2494.0,1666.0,4034.0,4911.0,2408.0,-1.0,-1.0,-1.0,2390.0
3240.0,1249.0,501.0,309.0,1084.0,1328.0,636.0,734.0,725.0,736.0,680.0
3247.0,-1.0,-1.0,-1.0,-1.0,-1.0,-1.0,-1.0,-1.0,-1.0,-1.0
3279.0,-1.0,-1.0,-1.0,-1.0,-1.0,-1.0,-1.0,-1.0,-1.0,-1.0
3318.0,5328.0,2657.0,1787.0,4280.0,5221.0,2557.0,-1.0,-1.0,-1.0,2543.0
3325.0,270.0,-1.0,-1.0,372.0,402.0,187.0,177.0,174.0,188.0,202.0
3367.0,3733.0,1806.0,1190.0,3022.0,3714.0,1828.0,2113.0,2046.0,2121.0,1845.0
3377.0,-1.0,-1.0,-1.0,-1.0,-1.0,-1.0,-1.0,-1.0,-1.0,-1.0
3381.0,-1.0,-1.0,-1.0,-1.0,-1.0,-1.0,-1.0,-1.0,-1.0,-1.0
3398.0,4279.0,2092.0,1395.0,3441.0,4238.0,2077.0,2404.0,2323.0,2415.0,2075.0
3413.0,2117.0,969.0,623.0,1786.0,2180.0,1053.0,1195.0,1194.0,1236.0,1097.0
3427.0,-1.0,-1.0,-1.0,-1.0,-1.0,-1.0,-1.0,-1.0,-1.0,-1.0
3434.0,-1.0,-1.0,-1.0,-1.0,-1.0,-1.0,-1.0,-1.0,-1.0,-1.0
3441.0,-1.0,-1.0,-1.0,-1.0,-1.0,-1.0,-1.0,-1.0,-1.0,-1.0
3442.0,3839.0,1853.0,1226.0,3104.0,3814.0,1880.0,2172.0,2100.0,2166.0,1891.0
3457.0,-1.0,-1.0,-1.0,-1.0,-1.0,-1.0,-1.0,-1.0,-1.0,-1.0
3466.0,1511.0,646.0,396.0,1296.0,1594.0,766.0,869.0,858.0,877.0,817.0
3470.0,6050.0,3049.0,2036.0,4809.0,5873.0,2871.0,3413.0,3266.0,3393.0,2869.0
3479.0,6616.0,3350.0,2262.0,5250.0,6387.0,3141.0,3721.0,3588.0,3692.0,3151.0
3503.0,-1.0,-1.0,-1.0,-1.0,-1.0,-1.0,-1.0,-1.0,-1.0,-1.0
3504.0,-1.0,-1.0,-1.0,-1.0,-1.0,-1.0,-1.0,-1.0,-1.0,-1.0
3520.0,2696.0,1279.0,833.0,2234.0,2740.0,1344.0,1527.0,1511.0,1556.0,1355.0
3547.0,-1.0,-1.0,-1.0,-1.0,-1.0,-1.0,-1.0,-1.0,-1.0,-1.0
3550.0,1347.0,546.0,335.0,1159.0,1428.0,676.0,778.0,770.0,781.0,733.0
3560.0,-1.0,-1.0,-1.0,-1.0,-1.0,-1.0,-1.0,-1.0,-1.0,-1.0
3570.0,-1.0,-1.0,-1.0,-1.0,-1.0,-1.0,-1.0,-1.0,-1.0,-1.0
3578.0,4676.0,2313.0,1538.0,3768.0,4599.0,2267.0,2628.0,2515.0,2627.0,-1.0
3581.0,3315.0,1594.0,1055.0,2697.0,3311.0,1628.0,1868.0,1822.0,1884.0,1657.0
3585.0,2280.0,1054.0,678.0,1916.0,2326.0,1138.0,1299.0,1284.0,1326.0,1163.0
3599.0,-1.0,-1.0,-1.0,-1.0,-1.0,-1.0,-1.0,-1.0,-1.0,-1.0
3611.0,3001.0,1433.0,942.0,2464.0,3020.0,1486.0,1699.0,1669.0,1725.0,1512.0
3614.0,1767.0,781.0,492.0,1505.0,1833.0,882.0,1012.0,1009.0,1041.0,942.0
3619.0,391.0,64.0,43.0,460.0,517.0,260.0,251.0,240.0,249.0,255.0
3669.0,-1.0,-1.0,-1.0,-1.0,-1.0,-1.0,-1.0,-1.0,-1.0,-1.0
3677.0,-1.0,-1.0,-1.0,-1.0,-1.0,-1.0,-1.0,-1.0,-1.0,-1.0
3697.0,6355.0,3226.0,2159.0,5062.0,6139.0,3024.0,3578.0,3451.0,3561.0,3022.0
3715.0,-1.0,-1.0,-1.0,-1.0,-1.0,-1.0,-1.0,-1.0,-1.0,-1.0
3720.0,-1.0,-1.0,-1.0,-1.0,-1.0,-1.0,-1.0,-1.0,-1.0,-1.0
3726.0,4657.0,2303.0,1531.0,3757.0,4582.0,2254.0,2616.0,2504.0,2613.0,2243.0
3804.0,-1.0,-1.0,-1.0,-1.0,-1.0,-1.0,-1.0,-1.0,-1.0,-1.0
3876.0,4383.0,2160.0,1439.0,3532.0,4335.0,2123.0,2467.0,2376.0,2466.0,2118.0
3894.0,-1.0,-1.0,-1.0,-1.0,-1.0,-1.0,-1.0,-1.0,-1.0,-1.0
3902.0,-1.0,3564.0,2410.0,-1.0,-1.0,-1.0,-1.0,-1.0,-1.0,-1.0
3917.0,5993.0,3015.0,2019.0,4773.0,5823.0,2837.0,3375.0,3236.0,3361.0,2841.0
3922.0,6624.0,3361.0,2265.0,5266.0,6394.0,3145.0,3732.0,3603.0,3696.0,3154.0
3947.0,2302.0,1072.0,685.0,1932.0,2347.0,1151.0,1313.0,1297.0,1339.0,1176.0
3961.0,-1.0,-1.0,-1.0,-1.0,-1.0,-1.0,-1.0,-1.0,-1.0,-1.0
3977.0,4626.0,2291.0,1523.0,3732.0,4552.0,2235.0,2602.0,2492.0,2594.0,2226.0
3981.0,3637.0,1750.0,1160.0,2949.0,3623.0,1787.0,2057.0,2000.0,2073.0,1806.0
3989.0,2248.0,1036.0,667.0,1886.0,2298.0,1117.0,1282.0,1265.0,1308.0,1148.0
3992.0,3243.0,1558.0,1025.0,2642.0,3231.0,1598.0,1830.0,1787.0,1849.0,1625.0
3995.0,-1.0,-1.0,-1.0,-1.0,-1.0,-1.0,-1.0,-1.0,-1.0,-1.0
3998.0,5847.0,2930.0,1955.0,4661.0,5692.0,2780.0,3304.0,3166.0,3293.0,2769.0
4003.0,-1.0,-1.0,-1.0,-1.0,-1.0,-1.0,-1.0,-1.0,-1.0,-1.0
4004.0,5480.0,2739.0,1829.0,4390.0,5343.0,2627.0,3109.0,2961.0,3084.0,-1.0
4007.0,4339.0,2132.0,1419.0,3491.0,4289.0,2097.0,2440.0,2353.0,2442.0,2098.0
4021.0,5977.0,3006.0,2015.0,4762.0,5802.0,2834.0,3369.0,3226.0,3355.0,2837.0
4045.0,4553.0,2249.0,-1.0,3676.0,4493.0,2199.0,2563.0,2457.0,2557.0,-1.0
4058.0,627.0,189.0,119.0,624.0,737.0,372.0,387.0,372.0,387.0,373.0
4088.0,6553.0,3330.0,2245.0,5211.0,6331.0,3122.0,3699.0,3567.0,3663.0,3128.0
4105.0,4535.0,2244.0,1497.0,3662.0,4476.0,2191.0,2554.0,2450.0,-1.0,2192.0
4115.0,5156.0,2566.0,1724.0,4136.0,5046.0,2470.0,2920.0,2789.0,2897.0,2454.0
4126.0,4904.0,2427.0,1617.0,3945.0,4795.0,2352.0,2754.0,2642.0,2750.0,2336.0
4137.0,-1.0,-1.0,-1.0,-1.0,-1.0,-1.0,-1.0,-1.0,-1.0,-1.0
4157.0,6121.0,3090.0,2059.0,4869.0,5924.0,2903.0,3445.0,3312.0,3437.0,2907.0
4166.0,5087.0,2531.0,1699.0,4093.0,4979.0,2444.0,2886.0,2752.0,2863.0,2428.0
4198.0,2985.0,1424.0,935.0,2452.0,3005.0,1477.0,1687.0,1654.0,1708.0,1503.0
4203.0,5215.0,2596.0,1741.0,4187.0,5104.0,2504.0,2950.0,2817.0,2938.0,2474.0
4234.0,5502.0,2756.0,1841.0,4419.0,5370.0,2636.0,3128.0,2979.0,3099.0,2624.0
4265.0,2902.0,1389.0,905.0,2393.0,2933.0,1439.0,1643.0,1615.0,1668.0,1461.0
4275.0,6667.0,3389.0,2287.0,5282.0,6429.0,3154.0,3753.0,3628.0,3718.0,3176.0
4286.0,2036.0,932.0,592.0,1722.0,2095.0,1017.0,1158.0,1158.0,1196.0,1060.0
4289.0,-1.0,-1.0,-1.0,-1.0,-1.0,-1.0,-1.0,-1.0,-1.0,-1.0
4296.0,5872.0,2947.0,1965.0,4683.0,5716.0,2791.0,3318.0,3179.0,3305.0,2785.0
4315.0,3063.0,1461.0,965.0,2511.0,3063.0,1516.0,1734.0,1700.0,1759.0,1543.0
4328.0,-1.0,-1.0,-1.0,-1.0,-1.0,-1.0,-1.0,-1.0,-1.0,-1.0
4348.0,5454.0,2729.0,1826.0,4367.0,5320.0,2615.0,3100.0,2952.0,3076.0,2598.0
4359.0,-1.0,-1.0,-1.0,-1.0,-1.0,-1.0,-1.0,-1.0,-1.0,-1.0
4365.0,5635.0,2823.0,1883.0,4511.0,5494.0,2702.0,3205.0,3052.0,3179.0,2678.0
4384.0,5706.0,2864.0,1909.0,4560.0,5557.0,2722.0,3242.0,3091.0,3221.0,2710.0
4390.0,5229.0,2601.0,1747.0,4193.0,5109.0,2512.0,2961.0,2819.0,2943.0,2479.0
4397.0,6485.0,3299.0,2218.0,5162.0,6272.0,3096.0,3662.0,3529.0,3631.0,3092.0
4399.0,2797.0,1333.0,871.0,2315.0,2832.0,1386.0,1582.0,1561.0,1611.0,1408.0
4414.0,5323.0,2655.0,1786.0,4279.0,5220.0,2554.0,3025.0,2882.0,3013.0,2541.0
4427.0,-1.0,-1.0,-1.0,-1.0,-1.0,-1.0,-1.0,-1.0,-1.0,-1.0
4442.0,3978.0,1934.0,1288.0,3221.0,3967.0,1942.0,2245.0,2172.0,2254.0,1954.0
4463.0,3394.0,1636.0,1083.0,2769.0,3390.0,1662.0,1916.0,1869.0,1932.0,1694.0
4499.0,4581.0,2264.0,1506.0,3697.0,4514.0,2212.0,2578.0,2466.0,2573.0,2202.0
4506.0,216.0,-1.0,-1.0,329.0,351.0,155.0,141.0,149.0,161.0,175.0
4525.0,-1.0,-1.0,-1.0,-1.0,-1.0,-1.0,-1.0,-1.0,-1.0,-1.0
4563.0,5438.0,2713.0,1818.0,4353.0,5301.0,2606.0,3085.0,2940.0,3068.0,2591.0
4573.0,2992.0,1429.0,934.0,2460.0,3014.0,1480.0,1693.0,1659.0,1719.0,1508.0
4580.0,6508.0,3306.0,2229.0,5177.0,6288.0,3104.0,3673.0,3543.0,3643.0,3106.0
4588.0,2711.0,1286.0,836.0,2243.0,2747.0,1352.0,1536.0,1521.0,1566.0,1366.0
4596.0,-1.0,3709.0,2494.0,-1.0,-1.0,-1.0,-1.0,-1.0,-1.0,-1.0
4651.0,6120.0,3088.0,2058.0,4868.0,5921.0,2902.0,3444.0,3309.0,3434.0,2906.0
4681.0,4128.0,2014.0,1344.0,3337.0,4096.0,2011.0,2319.0,2249.0,2339.0,2015.0
4690.0,3290.0,1585.0,1048.0,2682.0,3285.0,1616.0,1858.0,1813.0,1876.0,1649.0
4693.0,-1.0,-1.0,-1.0,-1.0,-1.0,-1.0,-1.0,-1.0,-1.0,-1.0
4704.0,1935.0,873.0,554.0,1644.0,1994.0,968.0,1102.0,1101.0,1136.0,1016.0
4722.0,5533.0,2772.0,1847.0,4442.0,5398.0,2656.0,3147.0,2990.0,3114.0,2635.0
4726.0,-1.0,-1.0,-1.0,-1.0,-1.0,-1.0,-1.0,-1.0,-1.0,-1.0
4734.0,4413.0,2174.0,1446.0,3558.0,4360.0,2127.0,2485.0,2393.0,2490.0,2141.0
4736.0,-1.0,-1.0,-1.0,-1.0,-1.0,-1.0,-1.0,-1.0,-1.0,-1.0
4759.0,2396.0,1122.0,720.0,1993.0,2438.0,1191.0,1368.0,1346.0,1393.0,1210.0
4768.0,4593.0,2275.0,1516.0,3707.0,4523.0,2220.0,2582.0,2477.0,2581.0,2212.0
4775.0,2473.0,1169.0,751.0,2050.0,2512.0,1227.0,1410.0,1383.0,1432.0,1250.0
4778.0,3968.0,1927.0,1279.0,3213.0,3949.0,1939.0,2239.0,2167.0,2245.0,1947.0
4783.0,5295.0,2637.0,1775.0,4250.0,5182.0,2543.0,3005.0,2862.0,2993.0,2522.0
4815.0,3233.0,1552.0,1024.0,2635.0,3221.0,1595.0,1823.0,1782.0,1847.0,1620.0
4830.0,5228.0,2608.0,1749.0,4203.0,5115.0,2515.0,2960.0,2823.0,2945.0,2485.0
4845.0,5952.0,2999.0,2004.0,4749.0,5785.0,2823.0,3355.0,3217.0,3345.0,2825.0
4854.0,6676.0,3397.0,2290.0,5308.0,6458.0,3166.0,3765.0,3634.0,3727.0,3187.0
4868.0,3539.0,1706.0,1131.0,2873.0,3526.0,1733.0,1999.0,1951.0,2022.0,1759.0
4873.0,2270.0,1048.0,676.0,1902.0,2312.0,1132.0,1290.0,1278.0,1322.0,1159.0
4890.0,-1.0,3685.0,2483.0,-1.0,-1.0,-1.0,-1.0,-1.0,-1.0,-1.0
4895.0,-1.0,-1.0,-1.0,-1.0,-1.0,-1.0,-1.0,-1.0,-1.0,-1.0
4899.0,3607.0,1742.0,1153.0,2930.0,3597.0,1771.0,2043.0,1989.0,2062.0,1790.0
4900.0,2071.0,951.0,605.0,1743.0,2127.0,1031.0,1175.0,1173.0,1214.0,1077.0
4904.0,-1.0,-1.0,-1.0,-1.0,-1.0,-1.0,-1.0,-1.0,-1.0,-1.0
4932.0,-1.0,-1.0,-1.0,-1.0,-1.0,-1.0,-1.0,-1.0,-1.0,-1.0
4972.0,3875.0,1878.0,1247.0,3139.0,3858.0,1900.0,2192.0,2119.0,2194.0,1906.0
4983.0,1757.0,778.0,488.0,1500.0,1826.0,876.0,1007.0,1004.0,1033.0,936.0
5001.0,6119.0,3087.0,2057.0,4867.0,5920.0,2901.0,3443.0,3308.0,3433.0,2905.0
5015.0,2561.0,1214.0,784.0,2127.0,2609.0,1269.0,1461.0,1433.0,1493.0,1293.0
5060.0,-1.0,-1.0,-1.0,-1.0,-1.0,-1.0,-1.0,-1.0,-1.0,-1.0
5061.0,6089.0,3066.0,2047.0,4840.0,5899.0,2886.0,3425.0,3284.0,3416.0,2886.0
5077.0,6507.0,3305.0,2228.0,5183.0,6293.0,3107.0,3677.0,3542.0,3642.0,3108.0
5098.0,-1.0,-1.0,-1.0,-1.0,-1.0,-1.0,-1.0,-1.0,-1.0,-1.0
5103.0,3154.0,1513.0,993.0,2570.0,3141.0,1554.0,1780.0,1740.0,1804.0,1584.0
5105.0,2476.0,1168.0,750.0,2049.0,2511.0,1233.0,1409.0,1382.0,1438.0,1249.0
5126.0,4041.0,1972.0,1311.0,3271.0,4026.0,1973.0,2276.0,2205.0,2283.0,1983.0
5169.0,3000.0,1432.0,943.0,2463.0,3018.0,1485.0,1698.0,1668.0,1724.0,1511.0
5175.0,6452.0,3283.0,2199.0,5137.0,6230.0,3073.0,3640.0,3512.0,3610.0,3078.0
5183.0,2222.0,1019.0,657.0,1869.0,2268.0,1099.0,1267.0,1249.0,1296.0,1135.0
5210.0,3902.0,1892.0,1257.0,3164.0,3883.0,1909.0,2198.0,2131.0,2209.0,1919.0
5211.0,3062.0,1460.0,964.0,2510.0,3062.0,1515.0,1733.0,1699.0,1752.0,1542.0
5214.0,5746.0,2880.0,1925.0,4597.0,5597.0,2741.0,3261.0,3115.0,3240.0,2723.0
5220.0,-1.0,-1.0,-1.0,-1.0,-1.0,-1.0,-1.0,-1.0,-1.0,-1.0
5232.0,5898.0,2965.0,1979.0,4706.0,5739.0,2801.0,3328.0,3192.0,3315.0,2801.0
5252.0,6848.0,3512.0,2379.0,5456.0,6623.0,3253.0,-1.0,-1.0,-1.0,3293.0
5258.0,6223.0,3145.0,2101.0,4952.0,6012.0,2961.0,3501.0,3367.0,3489.0,2953.0
5261.0,-1.0,-1.0,-1.0,-1.0,-1.0,-1.0,-1.0,-1.0,-1.0,-1.0
5263.0,2674.0,1266.0,821.0,2221.0,2720.0,1335.0,1514.0,1496.0,1544.0,1345.0
5279.0,4107.0,2005.0,1339.0,3317.0,4080.0,2000.0,2310.0,2238.0,2324.0,2008.0
5299.0,5657.0,2835.0,1891.0,4529.0,5517.0,2708.0,3220.0,3062.0,3194.0,2689.0
5301.0,2543.0,1207.0,776.0,2109.0,2591.0,1259.0,1449.0,1422.0,1483.0,1282.0
5329.0,-1.0,-1.0,-1.0,-1.0,-1.0,-1.0,-1.0,-1.0,-1.0,-1.0
5338.0,-1.0,-1.0,-1.0,-1.0,-1.0,-1.0,-1.0,-1.0,-1.0,-1.0
5354.0,-1.0,-1.0,-1.0,-1.0,-1.0,-1.0,-1.0,-1.0,-1.0,-1.0
5367.0,3253.0,1569.0,1035.0,2651.0,3244.0,1603.0,1838.0,1795.0,1860.0,1631.0
5375.0,5705.0,2863.0,1908.0,4554.0,5551.0,2721.0,3241.0,3090.0,3218.0,2709.0
5384.0,-1.0,-1.0,-1.0,-1.0,-1.0,-1.0,-1.0,-1.0,-1.0,-1.0
5402.0,2452.0,1156.0,746.0,2033.0,2489.0,1212.0,1396.0,1375.0,1424.0,1237.0
5407.0,5388.0,2693.0,1808.0,4327.0,5270.0,2580.0,3059.0,2915.0,3044.0,2570.0
5412.0,4987.0,2485.0,1660.0,4018.0,4893.0,2395.0,2814.0,2692.0,2799.0,2381.0
5418.0,6776.0,3457.0,2349.0,5384.0,6549.0,3215.0,3823.0,3694.0,3778.0,3241.0
5434.0,4087.0,1996.0,1333.0,3307.0,4067.0,1992.0,2298.0,2227.0,2314.0,2001.0
5436.0,-1.0,-1.0,-1.0,-1.0,-1.0,-1.0,-1.0,-1.0,-1.0,-1.0
5445.0,2752.0,1315.0,856.0,2280.0,2791.0,1372.0,1555.0,1543.0,1590.0,1385.0
5471.0,-1.0,-1.0,-1.0,-1.0,-1.0,-1.0,-1.0,-1.0,-1.0,-1.0
5474.0,6097.0,3071.0,2051.0,4848.0,5904.0,2891.0,3430.0,3288.0,3415.0,2891.0
5483.0,6458.0,-1.0,-1.0,5136.0,6240.0,3078.0,3643.0,3511.0,3614.0,3082.0
5512.0,-1.0,-1.0,-1.0,-1.0,-1.0,-1.0,-1.0,-1.0,-1.0,-1.0
5533.0,6500.0,3303.0,2226.0,5172.0,6279.0,3102.0,3671.0,3540.0,3638.0,3104.0
5534.0,3210.0,1545.0,1017.0,2623.0,3204.0,1586.0,1818.0,1774.0,1837.0,1611.0
5535.0,-1.0,3650.0,2466.0,-1.0,-1.0,-1.0,-1.0,-1.0,-1.0,-1.0
5563.0,-1.0,-1.0,-1.0,-1.0,-1.0,-1.0,-1.0,-1.0,-1.0,-1.0
5576.0,5251.0,2620.0,1761.0,4217.0,5137.0,2522.0,2977.0,2835.0,2959.0,2495.0
5577.0,3853.0,1865.0,1237.0,-1.0,-1.0,1884.0,2179.0,2109.0,2177.0,1896.0
5581.0,1845.0,827.0,526.0,1571.0,1917.0,925.0,1061.0,1053.0,1086.0,975.0
5632.0,-1.0,-1.0,-1.0,-1.0,-1.0,-1.0,-1.0,-1.0,-1.0,-1.0
5697.0,6242.0,3165.0,2113.0,4975.0,6041.0,2980.0,3510.0,3381.0,3504.0,2969.0
5707.0,4098.0,1992.0,1330.0,3315.0,4047.0,1989.0,2295.0,2223.0,2312.0,2000.0
5732.0,-1.0,-1.0,-1.0,-1.0,-1.0,-1.0,-1.0,-1.0,-1.0,-1.0
5748.0,6447.0,3277.0,2195.0,5125.0,6215.0,3071.0,3634.0,3501.0,3605.0,3073.0
5805.0,2144.0,986.0,636.0,1807.0,2202.0,1070.0,1217.0,1210.0,1252.0,1105.0
5809.0,6117.0,3086.0,2064.0,4865.0,5917.0,2900.0,3441.0,3306.0,3431.0,2904.0
5810.0,3193.0,1527.0,1010.0,2598.0,3182.0,1577.0,1800.0,1760.0,1824.0,1602.0
5822.0,6540.0,3326.0,2243.0,5201.0,6318.0,3120.0,3694.0,3561.0,3659.0,3121.0
5826.0,3049.0,1454.0,957.0,2498.0,3050.0,1506.0,1722.0,1690.0,1745.0,1533.0
5870.0,6418.0,3258.0,2186.0,5102.0,6199.0,3055.0,3616.0,3486.0,3591.0,3055.0
5901.0,3536.0,1705.0,1129.0,2864.0,3517.0,1731.0,1997.0,1950.0,2020.0,1756.0
5959.0,4579.0,2266.0,1508.0,3690.0,4513.0,2211.0,2577.0,2470.0,2572.0,2206.0
6001.0,-1.0,-1.0,-1.0,-1.0,-1.0,-1.0,-1.0,-1.0,-1.0,-1.0
6019.0,2019.0,924.0,586.0,1708.0,2083.0,1004.0,1149.0,1145.0,1186.0,1051.0
6055.0,4957.0,2467.0,1648.0,3993.0,4863.0,2379.0,2795.0,2674.0,2784.0,2372.0
6072.0,6011.0,3030.0,2027.0,4786.0,5835.0,2851.0,3390.0,3246.0,3378.0,2852.0
6097.0,-1.0,-1.0,-1.0,-1.0,-1.0,-1.0,-1.0,-1.0,-1.0,-1.0
6123.0,2296.0,1066.0,683.0,1927.0,2340.0,1147.0,1309.0,1295.0,1335.0,1173.0
6143.0,-1.0,-1.0,-1.0,-1.0,-1.0,-1.0,-1.0,-1.0,-1.0,-1.0
6147.0,-1.0,-1.0,-1.0,-1.0,-1.0,-1.0,-1.0,-1.0,-1.0,-1.0
6158.0,-1.0,-1.0,-1.0,-1.0,-1.0,-1.0,-1.0,-1.0,-1.0,-1.0
6159.0,5321.0,2653.0,1784.0,4274.0,5209.0,2553.0,3024.0,2881.0,3006.0,2535.0
6161.0,3422.0,1649.0,1093.0,2787.0,3413.0,1675.0,1940.0,1886.0,1958.0,1707.0
6194.0,-1.0,-1.0,-1.0,-1.0,-1.0,-1.0,-1.0,-1.0,-1.0,-1.0
6209.0,3976.0,1932.0,1286.0,3217.0,3958.0,1941.0,2244.0,2170.0,2251.0,1953.0
6244.0,-1.0,-1.0,-1.0,-1.0,-1.0,-1.0,-1.0,-1.0,-1.0,-1.0
6264.0,3521.0,1696.0,1126.0,2861.0,3510.0,1720.0,1992.0,1935.0,2012.0,1744.0
6303.0,-1.0,-1.0,-1.0,-1.0,-1.0,-1.0,-1.0,-1.0,-1.0,-1.0
6327.0,6370.0,3238.0,2167.0,5071.0,6158.0,3032.0,3586.0,3456.0,3571.0,3026.0
6345.0,-1.0,-1.0,-1.0,-1.0,-1.0,-1.0,-1.0,-1.0,-1.0,-1.0
6347.0,-1.0,3557.0,2407.0,-1.0,-1.0,-1.0,-1.0,-1.0,-1.0,-1.0
6381.0,-1.0,-1.0,-1.0,-1.0,-1.0,-1.0,-1.0,-1.0,-1.0,-1.0
6399.0,2912.0,1396.0,907.0,2400.0,2940.0,1443.0,1654.0,1620.0,1670.0,1466.0
6469.0,-1.0,-1.0,-1.0,-1.0,-1.0,-1.0,-1.0,-1.0,-1.0,-1.0
6517.0,574.0,161.0,108.0,594.0,694.0,352.0,368.0,352.0,360.0,357.0
6538.0,1478.0,625.0,384.0,1264.0,1558.0,744.0,852.0,843.0,853.0,794.0
6542.0,4403.0,2169.0,1443.0,3549.0,4350.0,2125.0,2481.0,2387.0,2484.0,2131.0
6548.0,4203.0,2062.0,1371.0,3392.0,4169.0,2044.0,2373.0,2286.0,2378.0,2046.0
6571.0,-1.0,-1.0,-1.0,-1.0,-1.0,-1.0,-1.0,-1.0,-1.0,-1.0
6594.0,5530.0,2770.0,1852.0,4440.0,5396.0,2655.0,3146.0,2996.0,3120.0,2633.0
6607.0,2257.0,1045.0,671.0,1892.0,2303.0,1124.0,1286.0,1267.0,1314.0,1150.0
6617.0,4431.0,2189.0,1461.0,3576.0,4385.0,2144.0,2495.0,2403.0,2502.0,2146.0
6622.0,6408.0,3257.0,2182.0,5113.0,6191.0,3054.0,3615.0,3485.0,3590.0,3054.0
6630.0,-1.0,-1.0,-1.0,-1.0,-1.0,-1.0,-1.0,-1.0,-1.0,-1.0
6674.0,1621.0,706.0,436.0,1393.0,1696.0,817.0,930.0,922.0,942.0,878.0
6703.0,-1.0,-1.0,-1.0,-1.0,-1.0,-1.0,-1.0,-1.0,-1.0,-1.0
6769.0,5395.0,2697.0,1810.0,4325.0,5268.0,2584.0,3064.0,2918.0,3043.0,2568.0
6800.0,-1.0,-1.0,-1.0,-1.0,-1.0,-1.0,-1.0,-1.0,-1.0,-1.0
6820.0,2173.0,1001.0,644.0,1826.0,2222.0,1078.0,1230.0,1224.0,1267.0,1114.0
6903.0,647.0,201.0,126.0,634.0,752.0,377.0,398.0,383.0,397.0,382.0
6933.0,4808.0,2385.0,1584.0,3872.0,4719.0,2321.0,2705.0,2590.0,2706.0,2300.0
7017.0,-1.0,-1.0,-1.0,-1.0,-1.0,-1.0,-1.0,-1.0,-1.0,-1.0
7036.0,6115.0,3096.0,2063.0,4864.0,5915.0,2909.0,3448.0,3314.0,3430.0,2903.0
7051.0,-1.0,-1.0,-1.0,-1.0,-1.0,-1.0,-1.0,-1.0,-1.0,-1.0
7098.0,-1.0,-1.0,-1.0,-1.0,-1.0,-1.0,-1.0,-1.0,-1.0,-1.0
7137.0,3648.0,1760.0,1164.0,2964.0,3632.0,1791.0,2062.0,2006.0,2087.0,1810.0
7138.0,750.0,255.0,160.0,705.0,841.0,420.0,458.0,458.0,458.0,431.0
7185.0,4892.0,2424.0,1615.0,3936.0,4789.0,2351.0,2753.0,2637.0,2746.0,2333.0
7187.0,-1.0,-1.0,-1.0,-1.0,-1.0,-1.0,-1.0,-1.0,-1.0,-1.0
7282.0,5168.0,2571.0,1729.0,4148.0,5059.0,2483.0,2929.0,2795.0,2910.0,2461.0
7289.0,1775.0,791.0,502.0,1512.0,1847.0,890.0,1024.0,1019.0,1049.0,946.0
7336.0,5360.0,2680.0,1797.0,4307.0,5249.0,2569.0,3043.0,2907.0,3032.0,2558.0
7346.0,1173.0,467.0,288.0,1024.0,1261.0,607.0,699.0,694.0,693.0,645.0
7357.0,1620.0,705.0,444.0,1392.0,1702.0,816.0,932.0,921.0,941.0,877.0
7364.0,569.0,160.0,107.0,593.0,685.0,351.0,366.0,350.0,359.0,356.0
7376.0,-1.0,-1.0,-1.0,-1.0,-1.0,-1.0,-1.0,-1.0,-1.0,-1.0
7462.0,2045.0,935.0,594.0,1719.0,2100.0,1018.0,1161.0,1161.0,1200.0,1063.0
7484.0,-1.0,-1.0,-1.0,-1.0,-1.0,-1.0,-1.0,-1.0,-1.0,-1.0
7500.0,4354.0,2138.0,1427.0,3505.0,4301.0,2101.0,2446.0,2357.0,2449.0,2103.0
7511.0,4004.0,1950.0,1300.0,3236.0,3985.0,1950.0,2257.0,2183.0,2264.0,1963.0
7553.0,3272.0,1580.0,1043.0,2667.0,3262.0,1609.0,1853.0,1803.0,1868.0,1640.0
7724.0,4481.0,2206.0,1476.0,3624.0,4431.0,2164.0,2520.0,2425.0,2524.0,2167.0
7760.0,1983.0,910.0,576.0,1684.0,2051.0,992.0,1131.0,1126.0,1170.0,1039.0
7782.0,922.0,335.0,220.0,841.0,1019.0,494.0,552.0,558.0,563.0,516.0
7807.0,-1.0,-1.0,-1.0,-1.0,-1.0,-1.0,-1.0,-1.0,-1.0,-1.0
7853.0,2032.0,931.0,591.0,1714.0,2091.0,1010.0,1156.0,1155.0,1192.0,1056.0
7897.0,6456.0,3290.0,2208.0,5142.0,6238.0,3076.0,3641.0,3517.0,3618.0,3081.0
7987.0,-1.0,-1.0,-1.0,-1.0,-1.0,-1.0,-1.0,-1.0,-1.0,-1.0
7994.0,1588.0,693.0,426.0,1366.0,1662.0,802.0,916.0,909.0,924.0,862.0
8015.0,4352.0,2140.0,1432.0,3503.0,4299.0,2100.0,2451.0,2360.0,2448.0,2105.0
8237.0,3286.0,1589.0,1049.0,2680.0,3281.0,1620.0,1861.0,1815.0,1874.0,1647.0
8256.0,776.0,265.0,167.0,730.0,868.0,430.0,475.0,473.0,474.0,439.0
8274.0,-1.0,-1.0,-1.0,-1.0,-1.0,-1.0,-1.0,-1.0,-1.0,-1.0
8295.0,1736.0,766.0,482.0,1479.0,1800.0,863.0,996.0,991.0,1018.0,928.0
8312.0,-1.0,-1.0,-1.0,-1.0,-1.0,-1.0,-1.0,-1.0,-1.0,-1.0
8341.0,2529.0,1205.0,769.0,2099.0,2575.0,1254.0,1446.0,1417.0,1471.0,1276.0
8425.0,5581.0,2799.0,1866.0,4470.0,5448.0,2678.0,3181.0,3022.0,3151.0,2651.0
8496.0,3807.0,1839.0,1216.0,3083.0,3787.0,1863.0,2156.0,2082.0,2156.0,1875.0
8531.0,-1.0,-1.0,-1.0,-1.0,-1.0,-1.0,-1.0,-1.0,-1.0,-1.0
8535.0,5819.0,2922.0,1949.0,4639.0,5664.0,2769.0,3298.0,3155.0,3282.0,2756.0
8598.0,1765.0,780.0,497.0,1499.0,1824.0,880.0,1011.0,1008.0,1039.0,941.0
8639.0,225.0,-1.0,-1.0,334.0,363.0,162.0,152.0,156.0,169.0,182.0
8668.0,5483.0,2750.0,1837.0,4400.0,5347.0,2629.0,3117.0,2969.0,3092.0,2614.0
8703.0,-1.0,-1.0,-1.0,-1.0,-1.0,-1.0,-1.0,-1.0,-1.0,-1.0
8707.0,3581.0,1732.0,1143.0,2906.0,3569.0,1755.0,2028.0,1968.0,2050.0,1775.0
8733.0,1997.0,915.0,582.0,1693.0,2063.0,999.0,1141.0,1138.0,1180.0,1043.0
8761.0,3139.0,1510.0,991.0,2560.0,3130.0,1547.0,1770.0,1733.0,1800.0,1579.0
8828.0,-1.0,-1.0,-1.0,-1.0,-1.0,-1.0,-1.0,-1.0,-1.0,-1.0
8857.0,3881.0,1884.0,1249.0,3143.0,3861.0,1903.0,2193.0,2125.0,2197.0,1908.0
8871.0,4560.0,2260.0,1505.0,3681.0,4500.0,2203.0,2566.0,2463.0,2565.0,2198.0
8877.0,1633.0,714.0,446.0,1399.0,1709.0,820.0,936.0,935.0,956.0,884.0
8881.0,2970.0,1419.0,932.0,2442.0,2993.0,1470.0,1681.0,1649.0,1700.0,1495.0
8911.0,5271.0,2631.0,1769.0,4238.0,5167.0,2532.0,2992.0,2847.0,2981.0,2505.0
8912.0,-1.0,-1.0,-1.0,-1.0,-1.0,-1.0,-1.0,-1.0,-1.0,-1.0
8926.0,2095.0,966.0,619.0,1765.0,2150.0,1047.0,1192.0,1190.0,1229.0,1089.0
8964.0,5781.0,2906.0,1935.0,4620.0,5625.0,2756.0,3277.0,3133.0,3264.0,2743.0
8983.0,-1.0,-1.0,-1.0,-1.0,-1.0,-1.0,-1.0,-1.0,-1.0,-1.0
9016.0,85.0,-1.0,-1.0,231.0,237.0,89.0,75.0,93.0,85.0,110.0
9025.0,3378.0,1629.0,1076.0,2747.0,3365.0,1649.0,1907.0,1855.0,1927.0,1682.0
9030.0,1829.0,810.0,518.0,1557.0,1898.0,914.0,1046.0,1047.0,1073.0,963.0
9067.0,3681.0,1782.0,1179.0,2983.0,3663.0,1802.0,2089.0,2029.0,2097.0,1822.0
9093.0,6671.0,3399.0,2294.0,5304.0,6453.0,3169.0,3763.0,3637.0,3725.0,3186.0
9160.0,2255.0,1043.0,675.0,1890.0,2300.0,1122.0,1284.0,1272.0,1313.0,1149.0
9167.0,4726.0,2340.0,1554.0,3807.0,4639.0,2288.0,2662.0,2543.0,2655.0,2266.0
9242.0,3529.0,1711.0,1134.0,2862.0,3514.0,1730.0,1996.0,1949.0,2031.0,1755.0
9280.0,-1.0,-1.0,-1.0,-1.0,-1.0,-1.0,-1.0,-1.0,-1.0,-1.0
9318.0,1424.0,603.0,370.0,1221.0,1499.0,714.0,820.0,818.0,832.0,767.0
9373.0,1107.0,433.0,268.0,968.0,1196.0,579.0,658.0,658.0,660.0,606.0
9423.0,-1.0,-1.0,-1.0,-1.0,-1.0,-1.0,-1.0,-1.0,-1.0,-1.0
9442.0,-1.0,-1.0,-1.0,-1.0,-1.0,-1.0,-1.0,-1.0,-1.0,-1.0
9452.0,3270.0,1582.0,1042.0,2665.0,3261.0,1611.0,1852.0,1805.0,1870.0,1639.0
9583.0,4358.0,2149.0,1431.0,3508.0,4304.0,2104.0,2453.0,2362.0,2457.0,2109.0
9639.0,-1.0,-1.0,-1.0,-1.0,-1.0,-1.0,-1.0,-1.0,-1.0,-1.0
9667.0,-1.0,-1.0,-1.0,-1.0,-1.0,-1.0,-1.0,-1.0,-1.0,-1.0
9750.0,3300.0,1592.0,1054.0,2685.0,3289.0,1622.0,1865.0,1819.0,1879.0,1654.0
10042.0,2457.0,1163.0,749.0,2040.0,2496.0,1215.0,1407.0,1381.0,1429.0,1243.0
10051.0,3409.0,1647.0,1092.0,2783.0,3402.0,1670.0,1930.0,1883.0,1949.0,1703.0
10142.0,397.0,70.0,46.0,464.0,521.0,263.0,258.0,247.0,254.0,263.0
10149.0,-1.0,-1.0,-1.0,-1.0,-1.0,-1.0,-1.0,-1.0,-1.0,-1.0
10209.0,5722.0,2872.0,1918.0,4577.0,5575.0,2734.0,3254.0,3104.0,3233.0,2715.0
10255.0,5139.0,2558.0,1720.0,4118.0,5024.0,2464.0,2908.0,2776.0,2886.0,2446.0
10256.0,3930.0,1911.0,1271.0,3180.0,3909.0,1919.0,2217.0,2150.0,2229.0,1937.0
10373.0,6700.0,3410.0,2307.0,5324.0,6466.0,3182.0,3776.0,3650.0,3742.0,3197.0
10415.0,6270.0,3179.0,2133.0,4995.0,6063.0,2990.0,3533.0,3402.0,3525.0,2978.0
10429.0,404.0,75.0,51.0,468.0,534.0,266.0,266.0,253.0,259.0,265.0
10487.0,5138.0,2563.0,1723.0,4122.0,5031.0,2467.0,2912.0,2783.0,2895.0,2445.0
10553.0,-1.0,-1.0,-1.0,-1.0,-1.0,-1.0,-1.0,-1.0,-1.0,-1.0
10606.0,-1.0,-1.0,-1.0,-1.0,-1.0,-1.0,-1.0,-1.0,-1.0,-1.0
10624.0,5000.0,2495.0,1667.0,4029.0,4904.0,2403.0,2826.0,2700.0,2812.0,2385.0
10655.0,3612.0,1744.0,1158.0,2932.0,3599.0,1774.0,2046.0,1994.0,2067.0,1797.0
10663.0,-1.0,-1.0,-1.0,-1.0,-1.0,-1.0,-1.0,-1.0,-1.0,-1.0
10708.0,-1.0,-1.0,-1.0,-1.0,-1.0,-1.0,-1.0,-1.0,-1.0,-1.0
10737.0,-1.0,-1.0,-1.0,-1.0,-1.0,-1.0,-1.0,-1.0,-1.0,-1.0
10853.0,-1.0,-1.0,-1.0,-1.0,-1.0,-1.0,-1.0,-1.0,-1.0,-1.0
10864.0,3393.0,1640.0,1081.0,2765.0,3386.0,1660.0,1922.0,1870.0,1937.0,1690.0
10967.0,6476.0,3297.0,-1.0,5157.0,6260.0,3092.0,3661.0,3527.0,3629.0,3088.0
10987.0,2706.0,1289.0,840.0,2240.0,2749.0,1349.0,1538.0,1519.0,1567.0,1363.0
11041.0,3719.0,1799.0,1189.0,3008.0,3699.0,1821.0,2105.0,2040.0,2119.0,1836.0
11060.0,-1.0,-1.0,-1.0,-1.0,-1.0,-1.0,-1.0,-1.0,-1.0,-1.0
11138.0,-1.0,-1.0,-1.0,-1.0,-1.0,-1.0,-1.0,-1.0,-1.0,-1.0
11204.0,4851.0,2411.0,1606.0,3905.0,4755.0,2344.0,2732.0,2611.0,2729.0,2320.0
11318.0,-1.0,-1.0,-1.0,-1.0,-1.0,-1.0,-1.0,-1.0,-1.0,-1.0
11374.0,-1.0,-1.0,-1.0,-1.0,-1.0,-1.0,-1.0,-1.0,-1.0,-1.0
11376.0,6792.0,3470.0,2352.0,5393.0,6560.0,3223.0,3830.0,3703.0,3790.0,3245.0
11410.0,5552.0,2789.0,1859.0,4448.0,5409.0,2667.0,3171.0,3015.0,3133.0,2642.0
11434.0,-1.0,-1.0,-1.0,-1.0,-1.0,-1.0,-1.0,-1.0,-1.0,-1.0
11501.0,2085.0,964.0,616.0,1755.0,2140.0,1039.0,1188.0,1186.0,1220.0,1084.0
11536.0,-1.0,-1.0,-1.0,-1.0,-1.0,-1.0,-1.0,-1.0,-1.0,-1.0
11580.0,2231.0,1027.0,660.0,1870.0,2272.0,1109.0,1273.0,1253.0,1301.0,1136.0
11703.0,389.0,69.0,45.0,463.0,520.0,262.0,257.0,246.0,252.0,257.0
11733.0,-1.0,-1.0,-1.0,-1.0,-1.0,-1.0,-1.0,-1.0,-1.0,-1.0
11766.0,2392.0,1128.0,724.0,1990.0,2434.0,1190.0,1370.0,1348.0,1396.0,1211.0
11878.0,5597.0,2813.0,1875.0,4485.0,5453.0,2684.0,3190.0,3040.0,3166.0,2661.0
11917.0,3420.0,1655.0,1100.0,2785.0,3412.0,1679.0,1942.0,1896.0,1964.0,1711.0
11975.0,5240.0,2617.0,1760.0,4209.0,5129.0,2519.0,2974.0,2834.0,2956.0,2490.0
12043.0,2898.0,1391.0,906.0,2386.0,2926.0,1433.0,1648.0,1613.0,1666.0,1457.0
12101.0,-1.0,-1.0,-1.0,-1.0,-1.0,-1.0,-1.0,-1.0,-1.0,-1.0
12157.0,4517.0,2237.0,1495.0,3649.0,4456.0,2178.0,2546.0,2446.0,2542.0,2181.0
12160.0,1145.0,458.0,280.0,1000.0,1234.0,596.0,686.0,683.0,681.0,627.0
12212.0,-1.0,-1.0,-1.0,-1.0,-1.0,-1.0,-1.0,-1.0,-1.0,-1.0
12239.0,3745.0,1815.0,1203.0,3039.0,3732.0,1838.0,2129.0,2060.0,2134.0,1851.0
12295.0,-1.0,-1.0,-1.0,-1.0,-1.0,-1.0,36.0,47.0,42.0,-1.0
12469.0,6199.0,3135.0,2096.0,4928.0,5990.0,2947.0,3485.0,3353.0,3483.0,2939.0
12515.0,-1.0,-1.0,-1.0,-1.0,-1.0,-1.0,-1.0,-1.0,-1.0,-1.0
12571.0,-1.0,-1.0,-1.0,-1.0,-1.0,-1.0,-1.0,-1.0,-1.0,-1.0
12667.0,2456.0,1170.0,753.0,2038.0,2495.0,1224.0,1406.0,1379.0,1434.0,1242.0
12704.0,3499.0,1693.0,1124.0,2847.0,3492.0,1712.0,1987.0,1929.0,2005.0,1739.0
12708.0,1441.0,611.0,377.0,1233.0,1508.0,724.0,833.0,825.0,837.0,779.0
12860.0,-1.0,-1.0,-1.0,-1.0,-1.0,-1.0,-1.0,-1.0,-1.0,-1.0
13004.0,-1.0,-1.0,-1.0,-1.0,-1.0,-1.0,-1.0,-1.0,-1.0,-1.0
13027.0,1743.0,776.0,484.0,1482.0,1806.0,866.0,1001.0,993.0,1028.0,926.0
13474.0,2835.0,1363.0,889.0,2349.0,2879.0,1407.0,1611.0,1585.0,1640.0,1427.0
13646.0,3096.0,1490.0,979.0,2531.0,3089.0,1525.0,1750.0,1714.0,1782.0,1557.0
13701.0,2488.0,1185.0,758.0,2062.0,2533.0,1237.0,1422.0,1394.0,1449.0,1257.0
13744.0,5538.0,2782.0,1856.0,4444.0,5401.0,2658.0,3161.0,3004.0,3122.0,2637.0
13771.0,-1.0,-1.0,-1.0,-1.0,-1.0,-1.0,-1.0,-1.0,-1.0,-1.0
14007.0,2848.0,1368.0,891.0,2357.0,2882.0,1413.0,1624.0,1591.0,1644.0,1435.0
14026.0,5016.0,2509.0,1677.0,4036.0,-1.0,2414.0,2849.0,2722.0,2825.0,2398.0
14100.0,-1.0,-1.0,-1.0,-1.0,-1.0,-1.0,-1.0,-1.0,-1.0,-1.0
14170.0,-1.0,-1.0,-1.0,-1.0,-1.0,-1.0,-1.0,-1.0,-1.0,-1.0
14347.0,2748.0,1322.0,861.0,2273.0,2784.0,1369.0,1557.0,1544.0,1591.0,1383.0
14353.0,-1.0,-1.0,-1.0,-1.0,-1.0,-1.0,-1.0,-1.0,-1.0,-1.0
14467.0,4765.0,2366.0,1572.0,3835.0,4672.0,2307.0,2683.0,2571.0,2680.0,2288.0
14606.0,-1.0,-1.0,-1.0,-1.0,-1.0,-1.0,-1.0,-1.0,-1.0,-1.0
14689.0,-1.0,3742.0,2523.0,-1.0,-1.0,-1.0,-1.0,-1.0,-1.0,-1.0
14724.0,-1.0,-1.0,-1.0,-1.0,-1.0,-1.0,-1.0,-1.0,-1.0,-1.0
14848.0,-1.0,-1.0,-1.0,-1.0,-1.0,-1.0,-1.0,-1.0,-1.0,-1.0
14863.0,1944.0,894.0,566.0,1650.0,2002.0,980.0,1117.0,1113.0,1148.0,1023.0
14874.0,-1.0,-1.0,-1.0,-1.0,-1.0,-1.0,-1.0,-1.0,-1.0,-1.0
15043.0,4942.0,2466.0,1646.0,3981.0,4844.0,2372.0,2792.0,2673.0,2777.0,2361.0
15109.0,974.0,369.0,229.0,887.0,1070.0,523.0,592.0,591.0,596.0,548.0
15148.0,4265.0,2099.0,1399.0,3431.0,4221.0,2072.0,2408.0,2325.0,2412.0,2073.0
15291.0,-1.0,-1.0,-1.0,-1.0,-1.0,-1.0,-1.0,-1.0,-1.0,-1.0
15326.0,6133.0,3102.0,2072.0,4874.0,5930.0,2912.0,3456.0,3319.0,3441.0,2912.0
15534.0,832.0,-1.0,-1.0,771.0,920.0,447.0,499.0,506.0,504.0,461.0
15648.0,1093.0,-1.0,-1.0,957.0,1188.0,575.0,654.0,656.0,656.0,599.0
15755.0,4240.0,-1.0,-1.0,3420.0,4206.0,2063.0,2398.0,2309.0,2400.0,2062.0
15894.0,-1.0,-1.0,-1.0,-1.0,-1.0,-1.0,-1.0,-1.0,-1.0,-1.0
15923.0,5040.0,-1.0,-1.0,4057.0,4939.0,2420.0,2862.0,2733.0,2835.0,2406.0
16065.0,337.0,-1.0,-1.0,420.0,471.0,232.0,226.0,220.0,226.0,236.0
16421.0,6311.0,-1.0,-1.0,-1.0,-1.0,3012.0,3559.0,3425.0,3547.0,3003.0
16478.0,-1.0,-1.0,-1.0,-1.0,-1.0,-1.0,-1.0,-1.0,-1.0,-1.0
16516.0,-1.0,-1.0,-1.0,-1.0,-1.0,-1.0,-1.0,-1.0,-1.0,-1.0
16618.0,-1.0,-1.0,-1.0,-1.0,-1.0,-1.0,-1.0,-1.0,-1.0,-1.0
16804.0,-1.0,-1.0,-1.0,-1.0,-1.0,-1.0,-1.0,-1.0,-1.0,-1.0
17133.0,-1.0,-1.0,-1.0,-1.0,-1.0,-1.0,-1.0,-1.0,-1.0,-1.0
17572.0,4472.0,-1.0,-1.0,3618.0,4424.0,2166.0,2530.0,2431.0,2527.0,2163.0
17834.0,-1.0,-1.0,-1.0,-1.0,-1.0,-1.0,-1.0,-1.0,-1.0,-1.0
17917.0,-1.0,-1.0,-1.0,-1.0,-1.0,1826.0,2115.0,2048.0,2122.0,1838.0
18067.0,-1.0,-1.0,-1.0,-1.0,-1.0,1276.0,1472.0,1445.0,1509.0,-1.0
18072.0,-1.0,-1.0,-1.0,-1.0,-1.0,-1.0,244.0,239.0,245.0,-1.0
18344.0,-1.0,-1.0,-1.0,-1.0,-1.0,-1.0,1631.0,1602.0,1651.0,-1.0
18349.0,-1.0,-1.0,-1.0,-1.0,-1.0,2476.0,2930.0,2801.0,2913.0,2458.0
18466.0,-1.0,-1.0,-1.0,-1.0,-1.0,-1.0,1878.0,1828.0,1887.0,-1.0
18990.0,-1.0,-1.0,-1.0,-1.0,-1.0,-1.0,-1.0,-1.0,-1.0,-1.0
19147.0,-1.0,-1.0,-1.0,-1.0,-1.0,-1.0,-1.0,-1.0,-1.0,-1.0
19588.0,-1.0,-1.0,-1.0,-1.0,-1.0,-1.0,-1.0,-1.0,-1.0,-1.0
19610.0,-1.0,-1.0,-1.0,-1.0,-1.0,-1.0,-1.0,-1.0,-1.0,-1.0
19856.0,-1.0,-1.0,-1.0,-1.0,-1.0,-1.0,-1.0,-1.0,-1.0,-1.0
19926.0,-1.0,-1.0,-1.0,-1.0,-1.0,-1.0,-1.0,-1.0,-1.0,-1.0
20412.0,-1.0,-1.0,-1.0,-1.0,-1.0,-1.0,-1.0,-1.0,-1.0,-1.0
20492.0,-1.0,-1.0,-1.0,-1.0,-1.0,-1.0,-1.0,-1.0,-1.0,-1.0
20952.0,-1.0,-1.0,-1.0,-1.0,-1.0,-1.0,-1.0,-1.0,-1.0,-1.0
21139.0,-1.0,-1.0,-1.0,-1.0,-1.0,-1.0,-1.0,-1.0,-1.0,-1.0
21571.0,-1.0,-1.0,-1.0,-1.0,-1.0,-1.0,-1.0,-1.0,-1.0,-1.0
21837.0,-1.0,-1.0,-1.0,-1.0,-1.0,-1.0,-1.0,-1.0,-1.0,-1.0
21862.0,-1.0,-1.0,-1.0,-1.0,-1.0,-1.0,-1.0,-1.0,-1.0,-1.0
21879.0,-1.0,-1.0,-1.0,-1.0,-1.0,-1.0,-1.0,-1.0,-1.0,-1.0
22035.0,-1.0,-1.0,-1.0,-1.0,-1.0,-1.0,-1.0,-1.0,-1.0,-1.0
